{
  "simple-table": {
    "ttft_ms": 1032,
    "total_duration_ms": 3297,
    "completion_tokens": 151,
    "tps": 66.66666666666666
  },
  "chart-with-data": {
    "ttft_ms": 984,
    "total_duration_ms": 3556,
    "completion_tokens": 234,
    "tps": 90.97978227060653
  },
  "contact-form": {
    "ttft_ms": 1851,
    "total_duration_ms": 4693,
    "completion_tokens": 297,
    "tps": 104.50387051372273
  },
  "dashboard": {
    "ttft_ms": 769,
    "total_duration_ms": 16496,
    "completion_tokens": 1229,
    "tps": 78.14586380110637
  },
  "pricing-page": {
    "ttft_ms": 992,
    "total_duration_ms": 15720,
    "completion_tokens": 1198,
    "tps": 81.34166214014122
  },
  "settings-panel": {
    "ttft_ms": 1703,
    "total_duration_ms": 7619,
    "completion_tokens": 543,
    "tps": 91.78498985801217
  },
  "e-commerce-product": {
    "ttft_ms": 1827,
    "total_duration_ms": 16908,
    "completion_tokens": 1169,
    "tps": 77.51475366355017
  }
}
